review,rating,date,source,sentiment_label,sentiment_score,topics
Nice vedio,5,2025-07-20 14:05:51,Google Play,POSITIVE,0.9998062252998352,['nice vedio']
good,5,2025-07-20 14:05:11,Google Play,POSITIVE,0.9998161196708679,[]
good,5,2025-07-20 14:05:03,Google Play,POSITIVE,0.9998161196708679,[]
so good,5,2025-07-20 13:59:56,Google Play,POSITIVE,0.999841570854187,[]
good to communicate out with friends and reviewing your past memories,5,2025-07-20 13:59:13,Google Play,POSITIVE,0.9998619556427002,"['friends', 'your past memories']"
thank you for fb,5,2025-07-20 13:58:52,Google Play,POSITIVE,0.9998257756233215,[]
"my oppinion here would of been to give them 5 possibly 6 stars. but the reason im at 1 star is the 100 % fact that facebook and Metta services are now letting scammers run scams off of them on their platform and even after facebook was notified of the scam, (twice) they did nothing, and here we are two or three months later, and facebook's still letting these scammers scam and use their platform to do it. Facebook your not supposed to let things like this happen and you knows this ayyyy, but ily",1,2025-07-20 13:58:36,Google Play,NEGATIVE,-0.9977140426635742,"['my oppinion', '5 possibly 6 stars', 'the reason', '1 star', 'the 100 % fact', 'facebook', 'metta services', 'scammers', 'scams', 'their platform', 'facebook', 'the scam', 'facebook', 'these scammers', 'their platform', 'things', 'this ayyyy']"
·ÄÄ·Ä±·Ä¨·ÄÑ·Ä∫·Ä∏·Äï·Ä´·Äê·Äö·Ä∫ ·ÄÖ·Ä≠·Äê·Ä∫·Ää·ÄÖ·Ä∫·Äñ·Ä≠·ÄØ·Ä∑,3,2025-07-20 13:58:28,Google Play,NEGATIVE,-0.7850591540336609,['·ÄÄ·Ä±·Ä¨·ÄÑ·Ä∫·Ä∏·Äï·Ä´·Äê·Äö·Ä∫']
good,5,2025-07-20 13:56:34,Google Play,POSITIVE,0.9998161196708679,[]
"Great application, it has many features than lite, more options and many more.",4,2025-07-20 13:56:33,Google Play,POSITIVE,0.9995331764221191,"['many features', 'lite', 'more options']"
Facebook is doing extremely well,4,2025-07-20 13:56:11,Google Play,POSITIVE,0.9997588992118835,['facebook']
love from Bangladesh.. ü•∞,5,2025-07-20 13:55:41,Google Play,POSITIVE,0.9997660517692566,"['love', 'bangladesh']"
best app,5,2025-07-20 13:55:29,Google Play,POSITIVE,0.999686598777771,['best app']
nice,5,2025-07-20 13:54:17,Google Play,POSITIVE,0.9998552799224854,[]
nice,5,2025-07-20 13:54:13,Google Play,POSITIVE,0.9998552799224854,[]
good,5,2025-07-20 13:52:49,Google Play,POSITIVE,0.9998161196708679,[]
‡™Ö‡™∞‡´ç‡™ú‡´Å‡™® ‡™†‡™æ‡™ï‡´ã‡™∞,1,2025-07-20 13:51:48,Google Play,NEGATIVE,-0.7850591540336609,[]
it's good,4,2025-07-20 13:51:23,Google Play,POSITIVE,0.9998360872268677,[]
Goodüôèüëç,5,2025-07-20 13:50:22,Google Play,NEGATIVE,-0.6970566511154175,['goodüôè']
thank ful social media app,4,2025-07-20 13:49:22,Google Play,POSITIVE,0.99883633852005,['ful social media app']
Face book as a bad plat form for children So I requested to Facebook to banned a child account,1,2025-07-20 13:48:17,Google Play,NEGATIVE,-0.9995691180229187,"['face book', 'a bad plat form', 'children', 'a child account']"
good,5,2025-07-20 13:47:27,Google Play,POSITIVE,0.9998161196708679,[]
accha hai üòÇ,5,2025-07-20 13:46:32,Google Play,POSITIVE,0.8373773694038391,['accha hai üòÇ']
maybe good,3,2025-07-20 13:46:09,Google Play,POSITIVE,0.9997736811637878,[]
nice,5,2025-07-20 13:46:08,Google Play,POSITIVE,0.9998552799224854,[]
great,5,2025-07-20 13:44:48,Google Play,POSITIVE,0.9998630285263062,[]
good for all,5,2025-07-20 13:44:41,Google Play,POSITIVE,0.9998534917831421,[]
"I can no longer pinch to zoom photos and pictures, also when I tap to remove text overlay or pinch to zoom the picture actually gets smaller. with video when I take it to full screen it no longer fills the screen and has a large order around it with white bars at either side of that. so if I want to see any detail this function has completely gone for me, this seems to have happened around the time of the last Samsung UI update and android update update, Facebook update since have not fixed it",1,2025-07-20 13:44:12,Google Play,NEGATIVE,-0.9992864727973938,"['zoom photos', 'pictures', 'text overlay', 'the picture', 'video', 'full screen', 'the screen', 'a large order', 'white bars', 'either side', 'any detail', 'this function', 'the time', 'the last samsung ui update', 'android update update']"
Best app,5,2025-07-20 13:44:11,Google Play,POSITIVE,0.999686598777771,['best app']
cool,5,2025-07-20 13:43:11,Google Play,POSITIVE,0.9998509883880615,[]
Facebook ‡¶Ü‡¶®‡ßá‡¶ï ‡¶ñ‡¶æ‡¶∞‡¶æ‡¶™ ‡¶Ü‡¶¨‡¶∏‡ßç‡¶§‡¶æ cpa ‡¶ï‡¶æ‡¶ú‡ßá‡¶∞ ‡¶ú‡¶®‡ßç‡¶Ø ‡¶Ü‡¶®‡ßá‡¶ï ‡¶∏‡¶Æ‡¶∏‡ßç‡¶Ø‡¶æ ‡¶ï‡¶Æ‡ßá‡¶®‡ßç‡¶ü‡ßá ‡¶ï‡¶®‡ßã ‡¶¨‡¶æ‡¶á‡¶∞‡ßá‡¶∞ ‡¶≤‡¶ø‡¶ô‡ßç‡¶ï ‡¶¨‡ßç‡¶Ø‡¶æ‡¶¨‡¶π‡¶æ‡¶∞ ‡¶ï‡¶∞‡¶æ ‡¶Ø‡¶æ‡¶ö‡ßç‡¶õ‡ßá ‡¶®‡¶æ ‡¶Ü‡¶∞‡ßã ‡¶®‡¶æ‡¶®‡¶æ ‡¶ß‡¶∞‡¶®‡ßá‡¶∞ ‡¶∏‡¶Æ‡¶∏‡ßç‡¶Ø‡¶æ ‡¶´‡ßá‡¶ú‡¶¨‡ßÅ‡¶ï,1,2025-07-20 13:43:08,Google Play,NEGATIVE,-0.7363497614860535,"['‡¶Ü‡¶®‡ßá‡¶ï', 'cpa ‡¶ï‡¶æ‡¶ú‡ßá‡¶∞', '‡¶ú‡¶®‡ßç‡¶Ø ‡¶Ü‡¶®‡ßá‡¶ï', '‡¶ï‡¶®‡ßã', '‡¶ï‡¶∞‡¶æ ‡¶Ø‡¶æ‡¶ö‡ßç‡¶õ‡ßá', '‡¶Ü‡¶∞‡ßã ‡¶®‡¶æ‡¶®‡¶æ', '‡¶ß‡¶∞‡¶®‡ßá‡¶∞']"
good,5,2025-07-20 13:43:07,Google Play,POSITIVE,0.9998161196708679,[]
bug. and now 2 fb accounts can't acces market place despite of followin standards,1,2025-07-20 13:41:45,Google Play,NEGATIVE,-0.9993552565574646,"['bug', '2 fb accounts', 'market place', 'followin standards']"
nice,5,2025-07-20 13:40:39,Google Play,POSITIVE,0.9998552799224854,[]
scam po,1,2025-07-20 13:40:03,Google Play,NEGATIVE,-0.9993860721588135,[]
someone named David black has hacked my Facebook account please remove my Facebook account,3,2025-07-20 13:39:58,Google Play,NEGATIVE,-0.999595582485199,"['david black', 'my facebook account', 'my facebook account']"
Very good,5,2025-07-20 13:39:42,Google Play,POSITIVE,0.9998520612716675,[]
üëç‚ù§Ô∏èü•∞,4,2025-07-20 13:38:56,Google Play,NEGATIVE,-0.6970566511154175,[]
ok,5,2025-07-20 13:38:29,Google Play,POSITIVE,0.9997851252555847,[]
good app,4,2025-07-20 13:36:33,Google Play,POSITIVE,0.9998493194580078,['good app']
good,5,2025-07-20 13:33:39,Google Play,POSITIVE,0.9998161196708679,[]
My number one and best place on social media,5,2025-07-20 13:33:22,Google Play,POSITIVE,0.9997960925102234,"['my number', 'best place', 'social media']"
you won't let me delete my old number because it's tided to an old whatsapp I don't have access too and the number because the sims snapped,1,2025-07-20 13:31:52,Google Play,NEGATIVE,-0.9990346431732178,"['my old number', 'an old whatsapp', 'access', 'the number', 'the sims']"
wow,5,2025-07-20 13:30:23,Google Play,POSITIVE,0.999592125415802,[]
okay,4,2025-07-20 13:30:21,Google Play,POSITIVE,0.9997709393501282,[]
nice,5,2025-07-20 13:30:10,Google Play,POSITIVE,0.9998552799224854,[]
good,5,2025-07-20 13:30:06,Google Play,POSITIVE,0.9998161196708679,[]
Thank you soomuch dear facebook team..,5,2025-07-20 13:29:16,Google Play,POSITIVE,0.9995235204696655,[]
good,1,2025-07-20 13:28:27,Google Play,POSITIVE,0.9998161196708679,[]
nice....,1,2025-07-20 13:28:23,Google Play,POSITIVE,0.9998512268066406,[]
good,5,2025-07-20 13:27:15,Google Play,POSITIVE,0.9998161196708679,[]
nice,5,2025-07-20 13:27:02,Google Play,POSITIVE,0.9998552799224854,[]
"very bad app, girls always blocks me üòÇ (sad emoji)",5,2025-07-20 13:23:50,Google Play,NEGATIVE,-0.9996837377548218,"['girls', 'sad emoji']"
Mera Facebook account suspended ho gaya hai.Main samajh nahi pa raha hoon ki iska kya karan hai,5,2025-07-20 13:21:37,Google Play,NEGATIVE,-0.9987688660621643,"['mera facebook account', 'ho gaya', 'ki iska']"
nice,5,2025-07-20 13:20:37,Google Play,POSITIVE,0.9998552799224854,[]
having more experience in some certain things,5,2025-07-20 13:20:16,Google Play,POSITIVE,0.5418468713760376,"['more experience', 'some certain things']"
sorry but you have disbanded my account without any valid reason of the serous allegations. That's just the last straw. I had a good community in Market place and this was also my family account. -_- Really disappointing wanted to give you 0 stars But that's not possible here.,1,2025-07-20 13:20:02,Google Play,NEGATIVE,-0.9994218349456787,"['my account', 'any valid reason', 'the serous allegations', 'just the last straw', 'a good community', 'market place', 'my family account', '-_-', '0 stars']"
i love facebook,5,2025-07-20 13:18:32,Google Play,POSITIVE,0.9996029734611511,['facebook']
i have trouble rating the scammer from fb market,5,2025-07-20 13:16:06,Google Play,NEGATIVE,-0.9994457364082336,"['trouble', 'the scammer', 'fb market']"
good,5,2025-07-20 13:15:46,Google Play,POSITIVE,0.9998161196708679,[]
I don't like it,1,2025-07-20 13:14:14,Google Play,NEGATIVE,-0.9978170394897461,[]
üëç‚ù§Ô∏è,5,2025-07-20 13:12:38,Google Play,NEGATIVE,-0.6970566511154175,[]
Plzz help me,5,2025-07-20 13:11:33,Google Play,NEGATIVE,-0.982016384601593,['plzz']
it is a very great app with interesting features,5,2025-07-20 13:10:59,Google Play,POSITIVE,0.9998664855957031,"['a very great app', 'interesting features']"
story turns to full screen before exiting view,1,2025-07-20 13:10:45,Google Play,NEGATIVE,-0.970595121383667,"['story', 'full screen', 'view']"
good app,5,2025-07-20 13:10:39,Google Play,POSITIVE,0.9998493194580078,['good app']
Great app many possibilities for networking and keeping track of all things social media,4,2025-07-20 13:10:34,Google Play,POSITIVE,0.9996182918548584,"['great app many possibilities', 'track', 'all things', 'social media']"
nice and mind blowing experience,5,2025-07-20 13:09:21,Google Play,POSITIVE,0.999862790107727,"['mind', 'experience']"
12 yrs account down the drain accusing of account integrity and cse. without the proper appeal process banned permanently.,1,2025-07-20 13:09:13,Google Play,NEGATIVE,-0.9993342757225037,"['12 yrs', 'the drain accusing', 'account integrity', 'cse', 'the proper appeal process']"
nice,5,2025-07-20 13:09:08,Google Play,POSITIVE,0.9998552799224854,[]
very good,5,2025-07-20 13:08:04,Google Play,POSITIVE,0.9998520612716675,[]
"The new update is trash, when you search you only see the video, but can no longer see captions. What do you want me to do open every video to see the caption?",1,2025-07-20 13:07:53,Google Play,NEGATIVE,-0.9987291693687439,"['the new update', 'trash', 'the video', 'captions', 'every video', 'the caption']"
Wrongfully banned and the appeals process is totally broken.,1,2025-07-20 13:07:16,Google Play,NEGATIVE,-0.9997277855873108,['the appeals process']
‡§Ö‡§ó‡§∞ ‡§´‡•á‡§∏‡§¨‡•Å‡§ï ‡§≠‡§æ‡§∞‡§§ ‡§Æ‡•á‡§Ç ‡§¨‡§Ç‡§¶ ‡§π‡•Å‡§Ü ‡§§‡•ã ‡§´‡•á‡§∏‡§¨‡•Å‡§ï ‡§ï‡§Ç‡§™‡§®‡•Ä ‡§ï‡•ã ‡§Æ‡•á‡§∞‡•á ‡§∏‡§æ‡§•‡§∏‡§æ‡§• ‡§ï‡§à ‡§≤‡•ã‡§ó‡•ã‡§Ç ‡§ï‡•ã ‡§á‡§∏‡§ï‡§æ ‡§ú‡•Å‡§∞‡•ç‡§Æ‡§æ‡§®‡§æ ‡§¶‡•á‡§®‡§æ ‡§™‡§°‡§º‡•á‡§ó‡§æ... ‡§Æ‡•á‡§∞‡•á ‡§µ‡•Ä‡§°‡§ø‡§Ø‡•ã‡§ï‡•ç‡§∞‡§ø‡§è‡§ü‡§ø‡§Ç‡§ó ‡§Ü‡§á‡§°‡§ø‡§Ø‡§æ 2012 ‡§ï‡•á ‡§¨‡§æ‡§¶ ‡§Æ‡•Å‡§ù‡•á ‡§´‡•á‡§∏‡§¨‡•Å‡§ï ‡§Æ‡•á‡§Ç ‡§è‡§ï ‡§≠‡•Ä ‡§∞‡•Å‡§™‡§Ø‡§æ ‡§®‡§π‡•Ä‡§Ç ‡§¶‡§ø‡§Ø‡§æ ‡§π‡•à 2021 ‡§Æ‡•á‡§Ç ‡§´‡•á‡§∏‡§¨‡•Å‡§ï ‡§Æ‡•á‡§Ç ‡§Ö‡§™‡§®‡§æ ‡§µ‡•Ä‡§°‡§ø‡§Ø‡•ã ‡§™‡•ç‡§≤‡•á‡§ü‡§´‡§æ‡§∞‡•ç‡§Æ ‡§∏‡•ç‡§ü‡§æ‡§∞‡•ç‡§ü ‡§ï‡§ø‡§Ø‡§æ ‡§π‡•à,5,2025-07-20 13:06:45,Google Play,NEGATIVE,-0.886868417263031,"['‡§´‡•á‡§∏‡§¨‡•Å‡§ï ‡§≠‡§æ‡§∞‡§§', '‡§¨‡§Ç‡§¶', '‡§§‡•ã ‡§´‡•á‡§∏‡§¨‡•Å‡§ï ‡§ï‡§Ç‡§™‡§®‡•Ä ‡§ï‡•ã ‡§Æ‡•á‡§∞‡•á ‡§∏‡§æ‡§•‡§∏‡§æ‡§• ‡§ï‡§à', '‡§≤‡•ã‡§ó‡•ã‡§Ç ‡§ï‡•ã ‡§á‡§∏‡§ï‡§æ ‡§ú‡•Å‡§∞‡•ç‡§Æ‡§æ‡§®‡§æ', '‡§¶‡•á‡§®‡§æ', '‡§™‡§°‡§º‡•á‡§ó‡§æ... ‡§Æ‡•á‡§∞‡•á ‡§µ‡•Ä‡§°‡§ø‡§Ø‡•ã‡§ï‡•ç‡§∞‡§ø‡§è‡§ü‡§ø‡§Ç‡§ó']"
very very Good,5,2025-07-20 13:05:16,Google Play,POSITIVE,0.9998621940612793,[]
thank you so much nice app,5,2025-07-20 13:04:42,Google Play,POSITIVE,0.9998588562011719,['so much nice app']
Nice,5,2025-07-20 13:03:48,Google Play,POSITIVE,0.9998552799224854,[]
Good üëçüëç,5,2025-07-20 13:02:53,Google Play,POSITIVE,0.9998576641082764,[]
good boy,5,2025-07-20 13:02:32,Google Play,POSITIVE,0.9998503923416138,['good boy']
update is terrible,1,2025-07-20 13:02:20,Google Play,NEGATIVE,-0.9993016719818115,['update']
Good,4,2025-07-20 13:01:17,Google Play,POSITIVE,0.9998161196708679,[]
good,1,2025-07-20 13:00:26,Google Play,POSITIVE,0.9998161196708679,[]
some tails but s loot of truth,5,2025-07-20 12:59:19,Google Play,NEGATIVE,-0.8329041004180908,"['some tails', 's loot', 'truth']"
Nice,5,2025-07-20 12:59:11,Google Play,POSITIVE,0.9998552799224854,[]
nice,3,2025-07-20 12:59:02,Google Play,POSITIVE,0.9998552799224854,[]
excellent services üëå,5,2025-07-20 12:59:00,Google Play,POSITIVE,0.9998136162757874,['excellent services']
I love you Facebook so much,5,2025-07-20 12:57:16,Google Play,POSITIVE,0.9998050332069397,[]
nice the best üëçüëçüëç,5,2025-07-20 12:56:16,Google Play,POSITIVE,0.9998706579208374,[]
good,5,2025-07-20 12:55:35,Google Play,POSITIVE,0.9998161196708679,[]
I love you facebook,5,2025-07-20 12:55:23,Google Play,POSITIVE,0.9998192191123962,[]
I love this app,5,2025-07-20 12:53:59,Google Play,POSITIVE,0.9998608827590942,['this app']
Very Good App.,5,2025-07-20 12:53:39,Google Play,POSITIVE,0.9998669624328613,['very good app']
friggin awesome,5,2025-07-20 12:52:04,Google Play,POSITIVE,0.9998565912246704,[]
interesting app,5,2025-07-20 12:51:58,Google Play,POSITIVE,0.9996960163116455,['interesting app']
Good,5,2025-07-20 12:50:37,Google Play,POSITIVE,0.9998161196708679,[]
nice,5,2025-07-20 12:49:24,Google Play,POSITIVE,0.9998552799224854,[]
Account problem,5,2025-07-20 12:48:25,Google Play,NEGATIVE,-0.9986269474029541,['account problem']
best,5,2025-07-20 12:47:44,Google Play,POSITIVE,0.9997941851615906,[]
good,5,2025-07-20 12:45:03,Google Play,POSITIVE,0.9998161196708679,[]
not update this app... ???,1,2025-07-20 12:43:55,Google Play,NEGATIVE,-0.9986451268196106,['this app']
very bad because the bangali is TikToker ..... it's there bad use....,1,2025-07-20 12:42:37,Google Play,NEGATIVE,-0.9997739195823669,"['the bangali', 'bad use']"
nice,5,2025-07-20 12:42:11,Google Play,POSITIVE,0.9998552799224854,[]
Good,5,2025-07-20 12:41:14,Google Play,POSITIVE,0.9998161196708679,[]
Funniest damn show ü§™üòÅüôÉüòÑ,5,2025-07-20 12:39:47,Google Play,POSITIVE,0.9996387958526611,['funniest']
nice,5,2025-07-20 12:38:36,Google Play,POSITIVE,0.9998552799224854,[]
so nice apps,3,2025-07-20 12:38:32,Google Play,POSITIVE,0.999866247177124,['so nice apps']
‡¶è‡¶á ‡¶Ö‡ßç‡¶Ø‡¶æ‡¶™ ‡¶∏‡¶¨‡¶æ‡¶á ‡¶¨‡ßç‡¶Ø‡¶¨‡¶π‡¶æ‡¶∞ ‡¶ï‡¶∞‡ßá,5,2025-07-20 12:37:02,Google Play,POSITIVE,0.7416667938232422,"['‡¶è‡¶á ‡¶Ö‡ßç‡¶Ø‡¶æ‡¶™', '‡¶∏‡¶¨‡¶æ‡¶á ‡¶¨‡ßç‡¶Ø‡¶¨‡¶π‡¶æ‡¶∞']"
all my account has been disabled even though i didn't do anything please fix it my important files has been there,1,2025-07-20 12:36:28,Google Play,NEGATIVE,-0.9996790885925293,"['all my account', 'my important files']"
‡§Æ‡•á‡§∞‡•Ä ‡§Ü‡§Ø‡§°‡•Ä ‡§π‡§ï ‡§π‡•ã‡§ó‡§à ‡§π‡•á,1,2025-07-20 12:34:58,Google Play,NEGATIVE,-0.788165807723999,['‡§Æ‡•á‡§∞‡•Ä ‡§Ü‡§Ø‡§°‡•Ä']
password kue nhi ataa,4,2025-07-20 12:32:42,Google Play,NEGATIVE,-0.9859173893928528,['password kue nhi ataa']
good service,5,2025-07-20 12:32:09,Google Play,POSITIVE,0.9998499155044556,['good service']
good,4,2025-07-20 12:30:45,Google Play,POSITIVE,0.9998161196708679,[]
I am enjoying watching this page it's very entraining page,5,2025-07-20 12:30:09,Google Play,POSITIVE,0.9997894167900085,"['this page', 'very entraining page']"
ü§≥,2,2025-07-20 12:30:04,Google Play,NEGATIVE,-0.6970566511154175,[]
amazing,5,2025-07-20 12:29:22,Google Play,POSITIVE,0.999875545501709,[]
good,5,2025-07-20 12:29:09,Google Play,POSITIVE,0.9998161196708679,[]
The report is just a joke. Every time I report a fake/scam it either blocks or it just tells me no action has been taken although it I clearly a fake page.,1,2025-07-20 12:27:58,Google Play,NEGATIVE,-0.9996987581253052,"['the report', 'just a joke', 'a fake/scam', 'no action']"
Good,5,2025-07-20 12:27:38,Google Play,POSITIVE,0.9998161196708679,[]
‡¶ú‡¶æ‡¶® ‡¶™‡¶æ‡¶ñ‡¶ø,5,2025-07-20 12:26:56,Google Play,POSITIVE,0.7756180763244629,['‡¶ú‡¶æ‡¶® ‡¶™‡¶æ‡¶ñ‡¶ø']
I think it's so good,5,2025-07-20 12:26:46,Google Play,POSITIVE,0.9998561143875122,[]
nice,5,2025-07-20 12:26:26,Google Play,POSITIVE,0.9998552799224854,[]
love it ü§©üòçü•∞,5,2025-07-20 12:26:23,Google Play,POSITIVE,0.9998714923858643,[]
good,5,2025-07-20 12:26:21,Google Play,POSITIVE,0.9998161196708679,[]
"""This Facebook app is really bad because while scrolling every 20 to 30 seconds, it shows a message saying 'Something went wrong. Please try again.' This keeps happening repeatedly. Please fix it for me‚ÄîI really need the Facebook app.""",1,2025-07-20 12:26:19,Google Play,NEGATIVE,-0.9997772574424744,"['this facebook app', 'a message', 'the facebook app']"
Not be happy it is most disturb from my phone,5,2025-07-20 12:25:09,Google Play,NEGATIVE,-0.9955806136131287,['my phone']
Nice but bundles mmm,3,2025-07-20 12:24:38,Google Play,POSITIVE,0.9975009560585022,[]
super,5,2025-07-20 12:23:10,Google Play,POSITIVE,0.998783528804779,['super']
working everyday,5,2025-07-20 12:22:22,Google Play,POSITIVE,0.9977933168411255,[]
good,5,2025-07-20 12:21:28,Google Play,POSITIVE,0.9998161196708679,[]
please come back of my facebook,5,2025-07-20 12:20:20,Google Play,NEGATIVE,-0.9821396470069885,['my facebook']
super,5,2025-07-20 12:20:14,Google Play,POSITIVE,0.998783528804779,['super']
amazing,5,2025-07-20 12:20:05,Google Play,POSITIVE,0.999875545501709,[]
best app,5,2025-07-20 12:16:49,Google Play,POSITIVE,0.999686598777771,['best app']
Monitization off kyu hei...kob milega mujhe content Monitization,5,2025-07-20 12:15:52,Google Play,NEGATIVE,-0.9966478943824768,"['monitization', 'kyu hei', 'kob milega mujhe content monitization']"
"too many updates , keep it the 2007 for",1,2025-07-20 12:15:07,Google Play,NEGATIVE,-0.9948441982269287,['too many updates']
good,5,2025-07-20 12:14:02,Google Play,POSITIVE,0.9998161196708679,[]
that's too good,5,2025-07-20 12:14:00,Google Play,POSITIVE,0.9998063445091248,[]
good job,3,2025-07-20 12:13:24,Google Play,POSITIVE,0.999835729598999,['good job']
Facebook is good üëç,2,2025-07-20 12:13:09,Google Play,POSITIVE,0.9997790455818176,['facebook']
I cannot receive any notif I was trying to change my password and then I cannot receive notifs even tho it says that they'll send a number like that but i didn't receive any,1,2025-07-20 12:12:25,Google Play,NEGATIVE,-0.9993742108345032,"['any notif', 'my password', 'notifs', 'even tho', 'a number']"
good,5,2025-07-20 12:11:33,Google Play,POSITIVE,0.9998161196708679,[]
Best social media ever. Thanks for make this app to help us communication with each other.,5,2025-07-20 12:11:03,Google Play,POSITIVE,0.9996775388717651,"['best social media', 'thanks', 'this app', 'communication']"
good üëç,5,2025-07-20 12:10:38,Google Play,POSITIVE,0.9998576641082764,[]
this app is good,4,2025-07-20 12:10:03,Google Play,POSITIVE,0.9998542070388794,['this app']
nice,5,2025-07-20 12:09:40,Google Play,POSITIVE,0.9998552799224854,[]
"when I tap ""view replies"" it opens the keyboard with a tagged reply to the commenter! WHY?!",3,2025-07-20 12:09:34,Google Play,NEGATIVE,-0.9862087965011597,"['""view', 'the keyboard', 'a tagged reply', 'the commenter']"
"Lenovo xiaoxin pad pro 12.7.(China ROM) . I bought this tablet without Google Service, in Chinese. Using the application from Google Play Market, the tablet began to work in Russian. After the new version of Android 15.0, the tablet cannot work in Russian. All applications that support Russian cannot work in Russian. It gives Chinese. I am forced to make it in English to somehow work. I need the applications to work in Russian anyway. Applications should not depend on the language of the tablet",1,2025-07-20 12:09:13,Google Play,NEGATIVE,-0.999408483505249,"['lenovo xiaoxin pad pro 12.7.(china rom', 'this tablet', 'google service', 'chinese', 'the application', 'google play market', 'the tablet', 'russian', 'the new version', 'the tablet', 'russian', 'all applications', 'russian', 'chinese', 'english', 'the applications', 'applications', 'the language', 'the tablet']"
nice app,5,2025-07-20 12:09:11,Google Play,POSITIVE,0.9998061060905457,['nice app']
Good,4,2025-07-20 12:07:37,Google Play,POSITIVE,0.9998161196708679,[]
"When I post on Facebook, the comments inside my post are locked, meaning there are no comments. What is the reason? I am giving the account link below. Please clear it or I am telling you the account name.",5,2025-07-20 12:07:07,Google Play,NEGATIVE,-0.9990158081054688,"['facebook', 'the comments', 'my post', 'no comments', 'the reason', 'the account link', 'the account name']"
Worth appreciation of representing BBC Health Tours internationally.,5,2025-07-20 12:06:29,Google Play,POSITIVE,0.9995185136795044,"['worth appreciation', 'bbc health tours']"
good and perfect choice,5,2025-07-20 12:05:45,Google Play,POSITIVE,0.9998637437820435,['good and perfect choice']
thanks for my life wasting now and future üôÇ,5,2025-07-20 12:05:39,Google Play,POSITIVE,0.6965464949607849,"['thanks', 'my life', 'future üôÇ']"
perfect app,5,2025-07-20 12:05:01,Google Play,POSITIVE,0.9998340606689453,['perfect app']
good üëçüòä,5,2025-07-20 12:04:25,Google Play,POSITIVE,0.9998576641082764,['good üëç']
good luck,5,2025-07-20 12:03:20,Google Play,POSITIVE,0.9998250603675842,['good luck']
it's been recognized & recommend same time ‚ù§,5,2025-07-20 12:03:11,Google Play,POSITIVE,0.9974740147590637,['same time']
i really like to use Facebook specifically if I earn money from Facebook. I use fb very longtime.,5,2025-07-20 12:00:05,Google Play,NEGATIVE,-0.9219540357589722,"['facebook', 'money', 'facebook']"
why can't we use emoji kitchen.,5,2025-07-20 11:58:48,Google Play,NEGATIVE,-0.9983538389205933,['emoji kitchen']
great !!!,5,2025-07-20 11:57:49,Google Play,POSITIVE,0.9998749494552612,[]
now there's too many animal abuse videos,1,2025-07-20 11:57:36,Google Play,NEGATIVE,-0.9995299577713013,['too many animal abuse videos']
very good,5,2025-07-20 11:56:40,Google Play,POSITIVE,0.9998520612716675,[]
great app,5,2025-07-20 11:56:16,Google Play,POSITIVE,0.999821126461029,['great app']
it very useful when I have no work or just sitting down without this apps Iam not enjoying to scroll my phone but when this apps is there in my phone l really enjoying to scroll my phone with this apps Zi really enjoy this apps thank you so.much for this apps.,4,2025-07-20 11:55:18,Google Play,POSITIVE,0.9995177984237671,"['no work', 'this apps', 'iam', 'my phone', 'this apps', 'my phone l', 'my phone', 'this apps', 'this apps', 'this apps']"
üî•,5,2025-07-20 11:53:12,Google Play,NEGATIVE,-0.6970566511154175,[]
good,5,2025-07-20 11:52:27,Google Play,POSITIVE,0.9998161196708679,[]
cannot enter down to put appropriate space in comments. very annoying.,3,2025-07-20 11:52:00,Google Play,NEGATIVE,-0.9997357726097107,"['appropriate space', 'comments']"
nice,5,2025-07-20 11:51:57,Google Play,POSITIVE,0.9998552799224854,[]
noce,1,2025-07-20 11:50:09,Google Play,POSITIVE,0.681501030921936,[]
nice app üëç,5,2025-07-20 11:49:54,Google Play,POSITIVE,0.9996724128723145,['nice app']
"Keep crashing, and I can't login my account.",1,2025-07-20 11:49:38,Google Play,POSITIVE,0.9746142029762268,['my account']
my Fb app is not updating while few days ago what should i do,5,2025-07-20 11:47:17,Google Play,NEGATIVE,-0.9992563128471375,['my fb app']
nice,5,2025-07-20 11:46:23,Google Play,POSITIVE,0.9998552799224854,[]
nice,5,2025-07-20 11:44:57,Google Play,POSITIVE,0.9998552799224854,[]
I was under the impression that you could sign OUT of that and believed I had done so earlier Today.,4,2025-07-20 11:42:16,Google Play,NEGATIVE,-0.7871121764183044,['the impression']
Great,3,2025-07-20 11:42:14,Google Play,POSITIVE,0.9998630285263062,[]
"Connects friends and family, vibrant communities, diverse content, and easy event planning make it a social networking powerhouse. Great app!",5,2025-07-20 11:42:07,Google Play,POSITIVE,0.9998753070831299,"['friends', 'family', ', vibrant communities', 'diverse content', 'easy event planning', 'great app']"
ok,5,2025-07-20 11:41:30,Google Play,POSITIVE,0.9997851252555847,[]
nice,5,2025-07-20 11:41:21,Google Play,POSITIVE,0.9998552799224854,[]
‡¶ó‡ßÅ‡¶°,5,2025-07-20 11:41:06,Google Play,NEGATIVE,-0.9797614812850952,[]
d mak,5,2025-07-20 11:41:04,Google Play,NEGATIVE,-0.9461451172828674,['d mak']
Very good,5,2025-07-20 11:40:33,Google Play,POSITIVE,0.9998520612716675,[]
Excellence App that I'm using for long of over 15yrs,5,2025-07-20 11:37:45,Google Play,POSITIVE,0.9951757192611694,"['excellence app', '15yrs']"
easy to use,5,2025-07-20 11:37:38,Google Play,POSITIVE,0.9988542795181274,[]
Can't talk to any support about all of their issues. Also too many hidden rules. Useless company,1,2025-07-20 11:37:35,Google Play,NEGATIVE,-0.9997751116752625,"['any support', 'their issues', 'also too many hidden rules', 'useless company']"
nice,5,2025-07-20 11:35:37,Google Play,POSITIVE,0.9998552799224854,[]
Too much irrelevant ads,2,2025-07-20 11:35:28,Google Play,NEGATIVE,-0.9997630715370178,['too much irrelevant ads']
connectivity so good from world,5,2025-07-20 11:35:19,Google Play,POSITIVE,0.9998648166656494,"['connectivity', 'world']"
excellent,5,2025-07-20 11:30:20,Google Play,POSITIVE,0.9998434782028198,[]
nice,5,2025-07-20 11:30:19,Google Play,POSITIVE,0.9998552799224854,[]
super,5,2025-07-20 11:30:08,Google Play,POSITIVE,0.998783528804779,['super']
good,5,2025-07-20 11:29:30,Google Play,POSITIVE,0.9998161196708679,[]
good,5,2025-07-20 11:29:29,Google Play,POSITIVE,0.9998161196708679,[]
good one,5,2025-07-20 11:29:26,Google Play,POSITIVE,0.9998288154602051,[]
Proudly proud of you!!!,5,2025-07-20 11:28:48,Google Play,POSITIVE,0.9998688697814941,[]
nice,5,2025-07-20 11:28:32,Google Play,POSITIVE,0.9998552799224854,[]
Good üëçüòá,4,2025-07-20 11:28:27,Google Play,POSITIVE,0.9998576641082764,[]
opp thank you,5,2025-07-20 11:26:58,Google Play,POSITIVE,0.9998490810394287,[]
ek mast aap hai ye mere app me se,5,2025-07-20 11:26:35,Google Play,NEGATIVE,-0.7814592123031616,"['ek mast aap hai ye', 'mere app']"
Facebook is one the best socializing platform I love it.,5,2025-07-20 11:26:16,Google Play,POSITIVE,0.9997424483299255,"['facebook', 'one the best socializing platform']"
niceüëç,5,2025-07-20 11:25:30,Google Play,NEGATIVE,-0.6970566511154175,[]
‡¶≤‡¶æ‡¶≠ ‡¶á‡¶â ‡¶´‡ßá‡¶∏‡¶¨‡ßÅ‡¶ï ‡¶™‡ßá‡¶ú,5,2025-07-20 11:24:39,Google Play,POSITIVE,0.5086445808410645,['‡¶≤‡¶æ‡¶≠ ‡¶á‡¶â ‡¶´‡ßá‡¶∏‡¶¨‡ßÅ‡¶ï']
Useful application üÜîüÜîüì∑üéß,5,2025-07-20 11:24:35,Google Play,POSITIVE,0.9987232089042664,['useful application üÜîüÜîüì∑']
‡¶Ö‡¶®‡ßá‡¶ï ‡¶≠‡¶æ‡¶≤‡ßã,5,2025-07-20 11:23:10,Google Play,POSITIVE,0.9249098896980286,['‡¶Ö‡¶®‡ßá‡¶ï']
Lame kaayo,5,2025-07-20 11:23:09,Google Play,NEGATIVE,-0.9997559189796448,['lame kaayo']
good job,4,2025-07-20 11:23:08,Google Play,POSITIVE,0.999835729598999,['good job']
nice,3,2025-07-20 11:22:33,Google Play,POSITIVE,0.9998552799224854,[]
good,4,2025-07-20 11:22:15,Google Play,POSITIVE,0.9998161196708679,[]
good,5,2025-07-20 11:22:11,Google Play,POSITIVE,0.9998161196708679,[]
fun for me,5,2025-07-20 11:22:10,Google Play,POSITIVE,0.9998430013656616,['fun']
good,5,2025-07-20 11:22:07,Google Play,POSITIVE,0.9998161196708679,[]
great,5,2025-07-20 11:18:43,Google Play,POSITIVE,0.9998630285263062,[]
good app,5,2025-07-20 11:18:27,Google Play,POSITIVE,0.9998493194580078,['good app']
okay,2,2025-07-20 11:17:30,Google Play,POSITIVE,0.9997709393501282,[]
good social media üëç,5,2025-07-20 11:15:38,Google Play,POSITIVE,0.9998125433921814,['good social media']
very nice,5,2025-07-20 11:14:11,Google Play,POSITIVE,0.9998563528060913,[]
I am locked off of marketplace coz it says I'm not old enough. I'm 36,1,2025-07-20 11:11:59,Google Play,NEGATIVE,-0.9975059628486633,['marketplace coz']
fantastic,5,2025-07-20 11:11:41,Google Play,POSITIVE,0.9998743534088135,['fantastic']
LOVE IT,5,2025-07-20 11:08:30,Google Play,POSITIVE,0.9998753070831299,[]
I love facebook,5,2025-07-20 11:08:02,Google Play,POSITIVE,0.9996029734611511,['facebook']
Thankyou Facebook for giving the option of monetization,5,2025-07-20 11:07:55,Google Play,POSITIVE,0.9954458475112915,"['the option', 'monetization']"
nice,5,2025-07-20 11:07:20,Google Play,POSITIVE,0.9998552799224854,[]
ÍßÅ‚ùö‚ñà‚ô•üáπ‚ô•üá™‚ô•üáπ‚ô•üá¶‚ô•üá∑‚ô•üá∏‚ô•üá¶‚ô•üáæ‚ô• üá≥‚ô•üá¶‚ô•üá¨‚ô•ÍßÇ,5,2025-07-20 11:07:11,Google Play,NEGATIVE,-0.8616330027580261,[]
satisfied,5,2025-07-20 11:06:03,Google Play,POSITIVE,0.9997212290763855,[]
very good,5,2025-07-20 11:05:44,Google Play,POSITIVE,0.9998520612716675,[]
nice,5,2025-07-20 11:05:24,Google Play,POSITIVE,0.9998552799224854,[]
super,5,2025-07-20 11:04:15,Google Play,POSITIVE,0.998783528804779,['super']
good,4,2025-07-20 11:03:54,Google Play,POSITIVE,0.9998161196708679,[]
Nice reminiscence of our heroes,4,2025-07-20 11:02:15,Google Play,POSITIVE,0.9998358488082886,"['nice reminiscence', 'our heroes']"
why did y'all try to block me off my page for 180 days just 2 days Ago,3,2025-07-20 11:01:41,Google Play,NEGATIVE,-0.9993858337402344,"['my page', '180 days']"
nice,5,2025-07-20 11:00:40,Google Play,POSITIVE,0.9998552799224854,[]
thik hai,5,2025-07-20 11:00:36,Google Play,POSITIVE,0.9747841358184814,['thik hai']
good,5,2025-07-20 10:59:00,Google Play,POSITIVE,0.9998161196708679,[]
taenna yung bago kong account nadisable. di na ko makagawa ng account,1,2025-07-20 10:58:44,Google Play,NEGATIVE,-0.9858340620994568,"['taenna yung bago kong account', 'ko makagawa']"
"app is requesting me to buy data even despite having a data, really disaapointing",1,2025-07-20 10:57:33,Google Play,NEGATIVE,-0.9942408800125122,"['app', 'data', 'a data']"
Way too many ads in reels now. Its getting to be like Snapchat. Every 30 seconds there's an ad.,1,2025-07-20 10:57:03,Google Play,NEGATIVE,-0.999479353427887,"['way too many ads', 'reels', 'an ad']"
very naice,5,2025-07-20 10:56:54,Google Play,NEGATIVE,-0.9832825660705566,[]
This is a great app I would recommend for everyone. ‚ô°,5,2025-07-20 10:56:49,Google Play,POSITIVE,0.9996585845947266,['a great app']
ok,5,2025-07-20 10:56:00,Google Play,POSITIVE,0.9997851252555847,[]
good,5,2025-07-20 10:55:45,Google Play,POSITIVE,0.9998161196708679,[]
so cute app Facebook lite best life,5,2025-07-20 10:55:32,Google Play,POSITIVE,0.9996923208236694,"['so cute app facebook', 'best life']"
Fives star ka sakin,5,2025-07-20 10:55:12,Google Play,POSITIVE,0.997753918170929,['fives star ka sakin']
good,5,2025-07-20 10:55:10,Google Play,POSITIVE,0.9998161196708679,[]
nice,5,2025-07-20 10:54:33,Google Play,POSITIVE,0.9998552799224854,[]
connecting people ‚ú®Ô∏è,5,2025-07-20 10:54:28,Google Play,POSITIVE,0.9990135431289673,['connecting people']
Nice,4,2025-07-20 10:54:07,Google Play,POSITIVE,0.9998552799224854,[]
so interesting,5,2025-07-20 10:54:07,Google Play,POSITIVE,0.9998642206192017,[]
nyc working,5,2025-07-20 10:51:52,Google Play,POSITIVE,0.9991428852081299,['nyc working']
Very Useful,5,2025-07-20 10:50:28,Google Play,POSITIVE,0.999798595905304,[]
‡¶®‡¶æ‡¶á‡¶∏,5,2025-07-20 10:50:23,Google Play,POSITIVE,0.74892657995224,['‡¶®‡¶æ‡¶á‡¶∏']
"Not totally log out..once i log out and log in back,.it directly open facebook the apps instead log in app..plus..some recommend section can't update.",1,2025-07-20 10:50:03,Google Play,NEGATIVE,-0.9941406846046448,"['back,.it', 'directly open facebook', 'the apps', 'app', 'some recommend section']"
Princess üòò,5,2025-07-20 10:49:05,Google Play,POSITIVE,0.9874294400215149,[]
I love Facebook,5,2025-07-20 10:47:39,Google Play,POSITIVE,0.9996029734611511,['facebook']
very nice app Facebook,5,2025-07-20 10:46:47,Google Play,POSITIVE,0.9998366832733154,['very nice app facebook']
Good stuff for all,4,2025-07-20 10:46:03,Google Play,POSITIVE,0.9998641014099121,['good stuff']
It is a five star service always,5,2025-07-20 10:45:19,Google Play,POSITIVE,0.9960283041000366,['a five star service']
good,5,2025-07-20 10:44:32,Google Play,POSITIVE,0.9998161196708679,[]
"I set up the app, did not even get a chance to post, & the app (AI) banned me from the site. I have read that many others have had the same problem, I asked for a review, & was told I still am banned. No reason, I am a senior, very ridiculous.",1,2025-07-20 10:44:01,Google Play,NEGATIVE,-0.9995884299278259,"['the app', 'a chance', 'the app', 'the site', 'many others', 'the same problem', 'a review']"
nice,5,2025-07-20 10:43:18,Google Play,POSITIVE,0.9998552799224854,[]
üòç,5,2025-07-20 10:43:13,Google Play,NEGATIVE,-0.6970566511154175,[]
"> Hello Facebook Team, My account was recently disabled and I was told it goes against the Community Standards. I believe this is a mistake ‚Äî I have always followed the rules and used my account responsibly. I did not engage in any suspicious or harmful behavior. Please, I kindly ask you to review my account again. This account is very important to me ‚Äî I use it to stay connected with my family and friends. I am willing to provide any additional information or ID needed to prove my identity",2,2025-07-20 10:43:01,Google Play,POSITIVE,0.9819430708885193,"['my account', 'the community standards', 'a mistake', 'the rules', 'my account', 'any suspicious or harmful behavior', 'my account', 'this account', 'my family', 'friends', 'any additional information', 'my identity']"
‡¶≠‡¶æ‡¶≤‡ßã,5,2025-07-20 10:42:23,Google Play,POSITIVE,0.7749524116516113,[]
nice,5,2025-07-20 10:41:08,Google Play,POSITIVE,0.9998552799224854,[]
good,5,2025-07-20 10:40:27,Google Play,POSITIVE,0.9998161196708679,[]
good,5,2025-07-20 10:39:13,Google Play,POSITIVE,0.9998161196708679,[]
I still have no care reactüôÑ,5,2025-07-20 10:37:28,Google Play,NEGATIVE,-0.9993491768836975,['no care react']
junali..Boro,4,2025-07-20 10:36:52,Google Play,POSITIVE,0.8041847348213196,['junali..boro']
good apps,5,2025-07-20 10:36:19,Google Play,POSITIVE,0.9998608827590942,['good apps']
nice,5,2025-07-20 10:35:51,Google Play,POSITIVE,0.9998552799224854,[]
"Facebook are performing mass bans of people without any ability to appeal. News stories are slowly trickling through, and Reddit has a range of posts of ""10+ year old account, and Meta has banned me out of nowhere"". This has happened to me, and now I can talk to friends, family, attend events, or access any of the content I have entered in Facebook over 17 years.",1,2025-07-20 10:35:44,Google Play,NEGATIVE,-0.9988899827003479,"['facebook', 'mass bans', 'people', 'any ability', 'news stories', 'reddit', 'a range', 'posts', '10+ year old account', 'friends', 'family', 'events', 'access', 'the content', 'facebook', '17 years']"
Nc App,5,2025-07-20 10:35:21,Google Play,POSITIVE,0.9607018232345581,['nc app']
Darun,2,2025-07-20 10:34:50,Google Play,POSITIVE,0.9829978942871094,[]
"Be kind in Facebook people,s need your sport to bring there laife in safe world",5,2025-07-20 10:34:36,Google Play,POSITIVE,0.9359439015388489,"['facebook people', 'your sport', 'laife', 'safe world']"
super üòä,4,2025-07-20 10:34:17,Google Play,POSITIVE,0.9331682920455933,[]
very goodapp,5,2025-07-20 10:33:17,Google Play,POSITIVE,0.9998732805252075,[]
like,5,2025-07-20 10:32:41,Google Play,POSITIVE,0.9910564422607422,[]
nice app,5,2025-07-20 10:31:57,Google Play,POSITIVE,0.9998061060905457,['nice app']
‚ù§Ô∏è‚ú®,5,2025-07-20 10:31:45,Google Play,NEGATIVE,-0.6970566511154175,[]
nice,4,2025-07-20 10:30:32,Google Play,POSITIVE,0.9998552799224854,[]
nice üëçüëç,5,2025-07-20 10:30:23,Google Play,POSITIVE,0.9998424053192139,['nice üëç']
may app facebook lodd,5,2025-07-20 10:30:23,Google Play,NEGATIVE,-0.9855336546897888,[]
good,5,2025-07-20 10:30:17,Google Play,POSITIVE,0.9998161196708679,[]
"Hey use our app a lot! Oh you're using it too much, so you can't for 24 hrs cuz our spam algorithm is designed to regularly punish the innocent to keep you plebs conditioned under our boots",1,2025-07-20 10:30:16,Google Play,NEGATIVE,-0.9994366765022278,"['our app', '24 hrs', 'our spam algorithm', 'our boots']"
good,4,2025-07-20 10:29:57,Google Play,POSITIVE,0.9998161196708679,[]
best app,5,2025-07-20 10:29:50,Google Play,POSITIVE,0.999686598777771,['best app']
good,5,2025-07-20 10:27:20,Google Play,POSITIVE,0.9998161196708679,[]
nice üëç,5,2025-07-20 10:26:56,Google Play,POSITIVE,0.9998424053192139,[]
great app,5,2025-07-20 10:26:39,Google Play,POSITIVE,0.999821126461029,['great app']
very goodüëç,1,2025-07-20 10:25:20,Google Play,POSITIVE,0.8243634104728699,[]
Good üëç,5,2025-07-20 10:25:16,Google Play,POSITIVE,0.9998576641082764,[]
I love it!,5,2025-07-20 10:23:15,Google Play,POSITIVE,0.9998781681060791,[]
very nice wonderful and successful Samaj mein ek pahchan banane ke liye ek accha Sa plus kam hai Facebook bahut bahut dhanyavad,5,2025-07-20 10:22:07,Google Play,POSITIVE,0.9998182654380798,"['very nice wonderful and successful samaj mein ek pahchan banane ke liye ek accha sa', 'kam hai facebook bahut bahut dhanyavad']"
How hard is it to make an app that saves settings? I am constantly having to turn off the media starts with sound setting and it's the most obnoxious thing.,1,2025-07-20 10:21:58,Google Play,NEGATIVE,-0.999634861946106,"['an app', 'settings', 'the media', 'the most obnoxious thing']"
nice,5,2025-07-20 10:21:42,Google Play,POSITIVE,0.9998552799224854,[]
This the best,4,2025-07-20 10:21:42,Google Play,POSITIVE,0.9998496770858765,[]
Thanks you,5,2025-07-20 10:20:48,Google Play,POSITIVE,0.9998155236244202,['thanks']
Disabled acc for no reason why?,1,2025-07-20 10:20:21,Google Play,NEGATIVE,-0.9997007846832275,"['acc', 'no reason']"
very good,5,2025-07-20 10:19:52,Google Play,POSITIVE,0.9998520612716675,[]
good love,5,2025-07-20 10:19:21,Google Play,POSITIVE,0.9998716115951538,['good love']
nice,5,2025-07-20 10:18:11,Google Play,POSITIVE,0.9998552799224854,[]
no thanks . I do not consent,1,2025-07-20 10:17:58,Google Play,NEGATIVE,-0.9985811710357666,['no thanks']
you guys are the best,5,2025-07-20 10:16:39,Google Play,POSITIVE,0.9998705387115479,['you guys']
good,5,2025-07-20 10:16:14,Google Play,POSITIVE,0.9998161196708679,[]
nice,4,2025-07-20 10:15:46,Google Play,POSITIVE,0.9998552799224854,[]
Everything is Good,5,2025-07-20 10:15:38,Google Play,POSITIVE,0.9998520612716675,[]
nice app,5,2025-07-20 10:14:08,Google Play,POSITIVE,0.9998061060905457,['nice app']
very good üëç,4,2025-07-20 10:13:58,Google Play,POSITIVE,0.999870777130127,[]
"Your new Facebook search bar is a terrible feature, it makes searching for anyone or anything impossible. I'm just trying to find a post and it won't show anything but random blocks of pictures. I don't want pictures, I want words dammit.",2,2025-07-20 10:13:02,Google Play,NEGATIVE,-0.9992484450340271,"['your new facebook search bar', 'a terrible feature', 'a post', 'random blocks', 'pictures', 'pictures', 'words']"
OK,5,2025-07-20 10:12:14,Google Play,POSITIVE,0.9997851252555847,[]
good,5,2025-07-20 10:11:58,Google Play,POSITIVE,0.9998161196708679,[]
fantastic service,5,2025-07-20 10:11:44,Google Play,POSITIVE,0.9998680353164673,['fantastic service']
hi Facebook team Facebook app Chala kar mujhe bahut achcha excellent üëå Mujhe thoda flower banane se help karo please thank you üôè Facebook team,5,2025-07-20 10:11:13,Google Play,POSITIVE,0.9926103949546814,"['hi facebook team', 'help karo', 'facebook team']"
Very good,5,2025-07-20 10:10:57,Google Play,POSITIVE,0.9998520612716675,[]
some user use this platform for promoting online gambling.,1,2025-07-20 10:09:21,Google Play,NEGATIVE,-0.9788932204246521,"['some user', 'this platform', 'online gambling']"
khushbukumari,1,2025-07-20 10:09:10,Google Play,POSITIVE,0.9961584210395813,['khushbukumari']
worst app forever,1,2025-07-20 10:08:56,Google Play,NEGATIVE,-0.9998049139976501,['worst app']
you already know it sucks üòû,1,2025-07-20 10:08:45,Google Play,NEGATIVE,-0.9984448552131653,[]
nice,5,2025-07-20 10:08:41,Google Play,POSITIVE,0.9998552799224854,[]
i would love to marry you ‚ù§Ô∏è‚ù§Ô∏è,2,2025-07-20 10:08:17,Google Play,POSITIVE,0.9995490908622742,[]
when I login my account then it loggin but there are something wrong option come solve this problem Facebook account (Shah Alam Pathan) technical problems,5,2025-07-20 10:08:10,Google Play,NEGATIVE,-0.9980649352073669,"['my account', 'wrong option', 'this problem', 'shah alam pathan) technical problems']"
can't answer any of my questions,1,2025-07-20 10:07:42,Google Play,NEGATIVE,-0.9997854828834534,['my questions']
good,5,2025-07-20 10:05:00,Google Play,POSITIVE,0.9998161196708679,[]
good,1,2025-07-20 10:04:37,Google Play,POSITIVE,0.9998161196708679,[]
üëç,5,2025-07-20 10:04:24,Google Play,NEGATIVE,-0.6970566511154175,[]
super üëç,5,2025-07-20 09:58:44,Google Play,POSITIVE,0.9331682920455933,['super']
hello face books team walo mare acount bana hai lekan current password baolo gaya hai changes nahi ho raha jab try kero me tu lika ah raha hai some timethings went wrong problem you can help me,1,2025-07-20 09:58:04,Google Play,NEGATIVE,-0.9957141280174255,"['books team', 'walo mare acount bana hai lekan current password baolo gaya hai', 'jab', 'tu lika', 'raha hai', 'some timethings', 'wrong problem']"
OH THIS IS VERY HELP FUL APP!,5,2025-07-20 09:58:02,Google Play,POSITIVE,0.5508387088775635,['ful app']
ok sya maganda,5,2025-07-20 09:57:43,Google Play,POSITIVE,0.9761442542076111,['ok sya maganda']
very good very good,4,2025-07-20 09:56:50,Google Play,POSITIVE,0.9998612403869629,[]
nice,5,2025-07-20 09:56:07,Google Play,POSITIVE,0.9998552799224854,[]
good great excellent,5,2025-07-20 09:55:23,Google Play,POSITIVE,0.9998643398284912,[]
best,4,2025-07-20 09:55:05,Google Play,POSITIVE,0.9997941851615906,[]
uncle Larry Deramus,5,2025-07-20 09:54:41,Google Play,NEGATIVE,-0.9059343934059143,['uncle larry deramus']
nice üëçüëç,5,2025-07-20 09:54:03,Google Play,POSITIVE,0.9998424053192139,['nice üëç']
It is very nice communication platform.,5,2025-07-20 09:53:10,Google Play,POSITIVE,0.9998575448989868,['very nice communication platform']
good üëç,1,2025-07-20 09:51:28,Google Play,POSITIVE,0.9998576641082764,[]
nice,5,2025-07-20 09:51:24,Google Play,POSITIVE,0.9998552799224854,[]
good,5,2025-07-20 09:50:10,Google Play,POSITIVE,0.9998161196708679,[]
good,5,2025-07-20 09:48:45,Google Play,POSITIVE,0.9998161196708679,[]
ü•∞ü•∞ü•∞ü•∞ü•∞ ‡¶Ö‡¶®‡ßá‡¶ï ‡¶∏‡ßÅ‡¶®‡ßç‡¶¶‡¶∞ ‡¶≠‡¶æ‡¶á,5,2025-07-20 09:46:07,Google Play,POSITIVE,0.5564712285995483,['ü•∞ü•∞ü•∞ü•∞ü•∞ ‡¶Ö‡¶®‡ßá‡¶ï ‡¶∏‡ßÅ‡¶®‡ßç‡¶¶‡¶∞ ‡¶≠‡¶æ‡¶á']
I really like it,1,2025-07-20 09:44:26,Google Play,POSITIVE,0.9998546838760376,[]
Very Bad this app,1,2025-07-20 09:43:41,Google Play,NEGATIVE,-0.99979168176651,['very bad this app']
plss fix the music note I can't find the song what i want to put in my notesüôèüôè,3,2025-07-20 09:43:07,Google Play,NEGATIVE,-0.9982684850692749,"['the song', 'my notes']"
AUTOMATIC my account are log in and log out,1,2025-07-20 09:42:56,Google Play,NEGATIVE,-0.9914085268974304,['my account']
This app is not working an 18+ not üö´ revaluation üîûüîûüîû,1,2025-07-20 09:42:30,Google Play,NEGATIVE,-0.9996098875999451,"['this app', 'an 18+ not üö´ revaluation üîûüîûüîû']"
ok,5,2025-07-20 09:42:12,Google Play,POSITIVE,0.9997851252555847,[]
"Myspace , Facebook !",5,2025-07-20 09:42:05,Google Play,POSITIVE,0.6475024819374084,[]
op Facebook ü•∞ü•∞,5,2025-07-20 09:41:10,Google Play,NEGATIVE,-0.9529551863670349,[]
ok,5,2025-07-20 09:39:34,Google Play,POSITIVE,0.9997851252555847,[]
very good üëç,5,2025-07-20 09:39:31,Google Play,POSITIVE,0.999870777130127,[]
nice,5,2025-07-20 09:36:01,Google Play,POSITIVE,0.9998552799224854,[]
poor and hustle experience,1,2025-07-20 09:35:54,Google Play,NEGATIVE,-0.9989674091339111,['poor and hustle experience']
itne update q dena parta hain,4,2025-07-20 09:35:05,Google Play,NEGATIVE,-0.9922304749488831,"['itne', 'q dena parta hain']"
only shows reels when I use search bar. this update sucks.,1,2025-07-20 09:31:03,Google Play,NEGATIVE,-0.9940016865730286,"['reels', 'search bar']"
ok,5,2025-07-20 09:30:49,Google Play,POSITIVE,0.9997851252555847,[]
nice app,5,2025-07-20 09:30:39,Google Play,POSITIVE,0.9998061060905457,['nice app']
good,5,2025-07-20 09:30:01,Google Play,POSITIVE,0.9998161196708679,[]
Dear Facebook Team's Im Uploaded Video Or Photo but not uploaded showing your post couldn't be shared I'm facing this problem my account has a problem for security reasons my account has limited access to the site please review my I'd and solve this problem as soon as possible thank you,1,2025-07-20 09:29:16,Google Play,NEGATIVE,-0.998925507068634,"['video', 'photo', 'your post', 'this problem', 'my account', 'a problem', 'security reasons', 'my account', 'the site', 'this problem']"
nice,5,2025-07-20 09:28:37,Google Play,POSITIVE,0.9998552799224854,[]
Already been in the market more than 15 years. So good,5,2025-07-20 09:28:27,Google Play,POSITIVE,0.9998331069946289,['the market']
Mera I'd loving not horya ha,1,2025-07-20 09:28:05,Google Play,NEGATIVE,-0.9922899603843689,[]
Super excited to find my Profile FB what can do the way to show it .,5,2025-07-20 09:28:04,Google Play,POSITIVE,0.9993543028831482,"['my profile', 'the way']"
Facebook. it's not by fave of the book but wheat understanding the man earn that matter most. don't force me to the ground when I have no. leg to rise!,5,2025-07-20 09:27:41,Google Play,POSITIVE,0.981768012046814,"['facebook', 'fave', 'the book', 'wheat understanding', 'the man', 'that matter', 'the ground', 'no. leg']"
good one,5,2025-07-20 09:25:26,Google Play,POSITIVE,0.9998288154602051,[]
very nice app,5,2025-07-20 09:24:56,Google Play,POSITIVE,0.9998562335968018,['very nice app']
very good app,5,2025-07-20 09:24:07,Google Play,POSITIVE,0.9998675584793091,['very good app']
nice,5,2025-07-20 09:23:23,Google Play,POSITIVE,0.9998552799224854,[]
‡¶è‡¶ü‡¶æ ‡¶Ö‡¶®‡ßá‡¶ï ‡¶Ö‡¶®‡ßá‡¶ï ‡¶ß‡¶®‡ßç‡¶Ø‡¶¨‡¶æ‡¶¶,5,2025-07-20 09:22:59,Google Play,POSITIVE,0.7767980694770813,['‡¶è‡¶ü‡¶æ ‡¶Ö‡¶®‡ßá‡¶ï']
"often got restricted without knowing why... no warning, no explanation let alone compensation.",1,2025-07-20 09:22:40,Google Play,NEGATIVE,-0.9954699277877808,"['no explanation', 'compensation']"
good,5,2025-07-20 09:21:53,Google Play,POSITIVE,0.9998161196708679,[]
super experience,5,2025-07-20 09:21:20,Google Play,POSITIVE,0.999009370803833,['super experience']
good üëç,3,2025-07-20 09:20:43,Google Play,POSITIVE,0.9998576641082764,[]
Facebook update karne ke bad birthday nahin change ho raha hai,5,2025-07-20 09:20:19,Google Play,NEGATIVE,-0.9918900728225708,"['facebook update', 'ke bad birthday', 'ho raha hai']"
good,4,2025-07-20 09:20:02,Google Play,POSITIVE,0.9998161196708679,[]
ok,5,2025-07-20 09:19:35,Google Play,POSITIVE,0.9997851252555847,[]
bahut faltu hai this is play the wrong video and photos and report karta hai par phir bhi koi action nahi Lata hai or ya App bahut sa humara mobile ma sa information bhi collect karta hai aur misuse bhi kar sakte hai kripaya kar ka iska liya india ma koi law pass karna chahiye,1,2025-07-20 09:19:09,Google Play,NEGATIVE,-0.9991077780723572,"['bahut', 'hai', 'the wrong video', 'photos', 'karta hai par phir bhi koi action nahi lata hai', 'ya app', 'bahut sa humara mobile ma sa information bhi', 'karta hai aur misuse bhi', 'kar sakte hai kripaya', 'kar ka iska liya india ma koi law', 'karna chahiye']"
high quality performance and excellent quality of image and data storage capicity is mind blowing and so on.,5,2025-07-20 09:19:08,Google Play,POSITIVE,0.9996591806411743,"['high quality performance', 'excellent quality', 'image and data storage capicity', 'mind']"
This a great app.,5,2025-07-20 09:18:23,Google Play,POSITIVE,0.9998316764831543,[]
super,3,2025-07-20 09:17:16,Google Play,POSITIVE,0.998783528804779,['super']
great social connections,5,2025-07-20 09:17:12,Google Play,POSITIVE,0.9998787641525269,['great social connections']
so lovely,5,2025-07-20 09:17:06,Google Play,POSITIVE,0.9998631477355957,[]
I wish there were negative numbers of ratings. I would give this app a minus 10. it is the worst thing to use. there are so many ads/ scammers/ clickbait. I am thinking very strongly of uninstalling this app and Instagram from my device on a permanent basis.,1,2025-07-20 09:17:06,Google Play,NEGATIVE,-0.9998136162757874,"['negative numbers', 'ratings', 'this app', 'the worst thing', 'so many ads/ scammers/ clickbait', 'this app', 'instagram', 'my device', 'a permanent basis']"
"Absolutely love this message as well as the story!! Thank you for sharing this The Washboard Laundromat is a laundromat, but filled with God's blessings.",5,2025-07-20 09:16:39,Google Play,POSITIVE,0.999811589717865,"['this message', 'the story', 'the washboard laundromat', 'a laundromat', ""god's blessings""]"
naic,5,2025-07-20 09:16:14,Google Play,NEGATIVE,-0.9817408919334412,[]
"SUSPENDING ACCOUNTS ALL OF A SUDDEN WITHOUT ANY WARNING, EVEN WHEN NO VIOLATION WAS COMMITTED.",1,2025-07-20 09:15:58,Google Play,NEGATIVE,-0.9979640245437622,"['suspending accounts', 'any warning', 'no violation']"
ok,5,2025-07-20 09:15:37,Google Play,POSITIVE,0.9997851252555847,[]
I love it,5,2025-07-20 09:14:42,Google Play,POSITIVE,0.9998799562454224,[]
very bad app I am regular in working uploading content but my Facebook team why not give me content monetization,1,2025-07-20 09:14:01,Google Play,NEGATIVE,-0.9991729855537415,"['working uploading content', 'my facebook team', 'content', 'monetization']"
gospel mission is a godsend,5,2025-07-20 09:13:13,Google Play,POSITIVE,0.8686973452568054,"['gospel mission', 'a godsend']"
it‚Äôs a good app,3,2025-07-20 09:11:37,Google Play,POSITIVE,0.9998750686645508,['a good app']
"Kung ikaw ay isang tao na punong puno ng pangarap sa buhay, wag mo hayaan na sirain ito ng mga mahihinang nilalang. üíØü§é",5,2025-07-20 09:10:24,Google Play,NEGATIVE,-0.9834480285644531,"['kung ikaw ay isang tao', 'ng pangarap sa buhay', 'wag mo hayaan', 'ito ng mga mahihinang nilalang']"
nice,5,2025-07-20 09:10:23,Google Play,POSITIVE,0.9998552799224854,[]
Me Encanta Mucho,5,2025-07-20 09:10:15,Google Play,POSITIVE,0.9988611936569214,['me encanta mucho']
good app,5,2025-07-20 09:09:21,Google Play,POSITIVE,0.9998493194580078,['good app']
bahut sundar action,5,2025-07-20 09:08:57,Google Play,POSITIVE,0.8634003400802612,['bahut sundar action']
"I like using a browser than this app. I click ""Yes its me"" to allow myself access to the browser and you keep blocking it. I HATE USING THE APP Fix now",1,2025-07-20 09:07:10,Google Play,NEGATIVE,-0.9987119436264038,"['a browser', 'this app', 'its me', 'access', 'the browser', 'the app fix']"
very nice facebook üòçüòç,5,2025-07-20 09:06:47,Google Play,POSITIVE,0.9998186230659485,['very nice facebook üòçüòç']
good,5,2025-07-20 09:06:24,Google Play,POSITIVE,0.9998161196708679,[]
best,5,2025-07-20 09:06:23,Google Play,POSITIVE,0.9997941851615906,[]
nice,5,2025-07-20 09:06:14,Google Play,POSITIVE,0.9998552799224854,[]
good,5,2025-07-20 09:05:10,Google Play,POSITIVE,0.9998161196708679,[]
great but their verifying accounts is mental especially for elderly like me 79 they said send to email never came have up after a while,5,2025-07-20 09:04:58,Google Play,NEGATIVE,-0.9930972456932068,"['their verifying accounts', 'email', 'a while']"
super,5,2025-07-20 09:01:55,Google Play,POSITIVE,0.998783528804779,['super']
this is the best app ever,5,2025-07-20 09:00:52,Google Play,POSITIVE,0.9998389482498169,['the best app']
iam alyz to be respect this aap,4,2025-07-20 09:00:35,Google Play,POSITIVE,0.9929617047309875,"['iam alyz', 'respect', 'this aap']"
"when you search something, the search result only shows videos. this sucks now",1,2025-07-20 09:00:14,Google Play,NEGATIVE,-0.9983726143836975,"['the search result', 'videos']"
nice,5,2025-07-20 08:58:58,Google Play,POSITIVE,0.9998552799224854,[]
‡¶Ü‡¶Æ‡¶æ‡¶∞ ‡¶´‡ßá‡¶∏‡¶¨‡ßÅ‡¶ï ‡¶Ü‡¶á‡¶°‡¶ø 180 ‡¶¶‡¶ø‡¶®‡ßá‡¶∞ ‡¶ú‡¶®‡ßç‡¶Ø ‡¶∏‡¶æ‡¶∏‡¶™‡ßá‡¶®‡ßç‡¶° ‡¶ï‡¶∞‡ßá‡¶õ‡ßá‡•§ ‡¶®‡¶§‡ßÅ‡¶® ‡¶Ü‡¶á‡¶°‡¶ø ‡¶ñ‡ßÅ‡¶≤‡¶õ‡¶ø ‡¶∏‡ßá‡¶ü‡¶æ‡¶ì ‡¶∏‡¶æ‡¶∏‡¶™‡ßá‡¶®‡ßç‡¶° ü•π,1,2025-07-20 08:58:24,Google Play,NEGATIVE,-0.7530904412269592,"['‡¶Ü‡¶Æ‡¶æ‡¶∞ ‡¶´‡ßá‡¶∏‡¶¨‡ßÅ‡¶ï', '‡¶Ü‡¶á‡¶°‡¶ø', '180 ‡¶¶‡¶ø‡¶®‡ßá‡¶∞ ‡¶ú‡¶®‡ßç‡¶Ø', '‡¶Ü‡¶á‡¶°‡¶ø ‡¶ñ‡ßÅ‡¶≤‡¶õ‡¶ø', '‡¶∏‡ßá‡¶ü‡¶æ‡¶ì']"
notification very late,1,2025-07-20 08:58:10,Google Play,NEGATIVE,-0.9988019466400146,['notification']
good üëçüëçüëç,5,2025-07-20 08:57:01,Google Play,POSITIVE,0.9998576641082764,[]
it's good work,5,2025-07-20 08:56:13,Google Play,POSITIVE,0.9998471736907959,['good work']
very Nice apps,5,2025-07-20 08:56:11,Google Play,POSITIVE,0.9998722076416016,['very nice apps']
annoyingly suspended my acc for no apparent reason,1,2025-07-20 08:55:47,Google Play,NEGATIVE,-0.9998005032539368,"['my acc', 'no apparent reason']"
your updated is very bad,1,2025-07-20 08:54:56,Google Play,NEGATIVE,-0.9998038411140442,[]
nice,5,2025-07-20 08:53:16,Google Play,POSITIVE,0.9998552799224854,[]
fixes face book problem,5,2025-07-20 08:51:25,Google Play,NEGATIVE,-0.9989842772483826,"['fixes', 'book problem']"
greatest social media app ever,5,2025-07-20 08:51:11,Google Play,POSITIVE,0.999634861946106,['greatest social media app']
nice app,5,2025-07-20 08:50:59,Google Play,POSITIVE,0.9998061060905457,['nice app']
certain tabs are not working.,1,2025-07-20 08:50:09,Google Play,NEGATIVE,-0.9997429251670837,['certain tabs']
beutiful app,5,2025-07-20 08:49:34,Google Play,NEGATIVE,-0.9238380193710327,['beutiful app']
important app,3,2025-07-20 08:49:32,Google Play,POSITIVE,0.9980806112289429,['important app']
Facebook has started so many glitches normally all people want video format and suddenly Facebook started showing reels format which makes me delete Facebook again and again so kindly fix this as soon as possible .,1,2025-07-20 08:47:06,Google Play,NEGATIVE,-0.9991655349731445,"['facebook', 'so many glitches', 'all people', 'video format', 'suddenly facebook', 'reels format']"
good fb,5,2025-07-20 08:46:32,Google Play,POSITIVE,0.9998382329940796,['good fb']
nice one,5,2025-07-20 08:45:30,Google Play,POSITIVE,0.9998481273651123,[]
This platform is awesome for everything.,5,2025-07-20 08:43:40,Google Play,POSITIVE,0.9998770952224731,['this platform']
all' in one my feveret all time aap,5,2025-07-20 08:43:17,Google Play,NEGATIVE,-0.9513596296310425,['my feveret']
nice app,4,2025-07-20 08:41:32,Google Play,POSITIVE,0.9998061060905457,['nice app']
apdate Facebook.,5,2025-07-20 08:40:44,Google Play,NEGATIVE,-0.8939375281333923,['facebook']
sorry,1,2025-07-20 08:40:24,Google Play,NEGATIVE,-0.999756395816803,[]
good üíØ,5,2025-07-20 08:39:17,Google Play,POSITIVE,0.9998576641082764,['good üíØ']
"I would give negative stars if possible. Collects too much personal information and is way too easy to get hacked. There is no customer support - that department has been eliminated. I know this because I was not only hacked, but my account was hijacked. Then there is the issue with Facebook's use of AI to ""determine my age"". Artificial Intelligence is not intelligent- it's a disgrace and degrading to humanity.",1,2025-07-20 08:39:14,Google Play,NEGATIVE,-0.9997172951698303,"['negative stars', 'too much personal information', 'no customer support', 'that department', 'my account', 'the issue', ""facebook's use"", 'my age', 'artificial intelligence', 'a disgrace', 'humanity']"
I feel good with Facebook üòäüòÅ,4,2025-07-20 08:35:09,Google Play,POSITIVE,0.9997320771217346,['facebook']
I don't like it,1,2025-07-20 08:35:07,Google Play,NEGATIVE,-0.9978170394897461,[]
‚ù§Ô∏èüòçüòçüòç,5,2025-07-20 08:34:46,Google Play,NEGATIVE,-0.6970566511154175,['‚ù§Ô∏èüòçüòçüòç']
good,4,2025-07-20 08:31:07,Google Play,POSITIVE,0.9998161196708679,[]
üòç,5,2025-07-20 08:30:37,Google Play,NEGATIVE,-0.6970566511154175,[]
nice aap,5,2025-07-20 08:29:54,Google Play,POSITIVE,0.9998094439506531,['nice aap']
good,5,2025-07-20 08:29:40,Google Play,POSITIVE,0.9998161196708679,[]
thank you üíï,5,2025-07-20 08:29:28,Google Play,POSITIVE,0.9998127818107605,[]
if ur account is disabled you cannot get it back this really bad,1,2025-07-20 08:28:47,Google Play,NEGATIVE,-0.999592125415802,['ur account']
ok,5,2025-07-20 08:28:36,Google Play,POSITIVE,0.9997851252555847,[]
nice,5,2025-07-20 08:28:35,Google Play,POSITIVE,0.9998552799224854,[]
very nice apps,5,2025-07-20 08:28:30,Google Play,POSITIVE,0.9998722076416016,['very nice apps']
it's amazing üòç,5,2025-07-20 08:26:34,Google Play,POSITIVE,0.9998874664306641,['amazing üòç']
Facebook has become a garbage dump for ads!! This app has gotten absolutely ridiculous with all the spam ads and no matter how many times I try to get rid of ads they find their way back. Negative stars if that was an option. UPDATE - WHEN WILL THE ADS STOP!!!!????????? NEGATIVE STARS!!! Update again - the ads still clutter my feed. Garbage üóë dump. Dump! 11/14 - Lost my ability to add music to my profile. 0 üåü! UPDATE - 3/30.... I don't see any friends updates anymore. GARBAGE üóë!!!!!!,1,2025-07-20 08:26:13,Google Play,NEGATIVE,-0.9998205304145813,"['facebook', 'a garbage dump', 'ads', 'this app', 'all the spam ads', 'how many times', 'ads', 'their way', 'negative stars', 'an option', 'the ads', 'negative stars', 'the ads', 'my feed', 'garbage üóë dump', 'my ability', 'music', 'my profile', 'any friends', 'garbage üóë']"
AnkitKumar,5,2025-07-20 08:23:22,Google Play,POSITIVE,0.9842042326927185,['ankitkumar']
it's a lot of fun and surprised.,5,2025-07-20 08:22:55,Google Play,POSITIVE,0.9998817443847656,"['a lot', 'fun']"
Good,5,2025-07-20 08:22:40,Google Play,POSITIVE,0.9998161196708679,[]
Nice,5,2025-07-20 08:20:48,Google Play,POSITIVE,0.9998552799224854,[]
please recover my temporarily block account - Nitesh kumar ü•∫üò≠,5,2025-07-20 08:19:47,Google Play,NEGATIVE,-0.9970638155937195,['my temporarily block account']
thx so much follow me every one next new post available,5,2025-07-20 08:18:18,Google Play,NEGATIVE,-0.986584484577179,['next new post']
too many ads,2,2025-07-20 08:18:05,Google Play,NEGATIVE,-0.9995794892311096,['too many ads']
mere phone Mai Facebook download Nahi ho ragi please,5,2025-07-20 08:18:05,Google Play,NEGATIVE,-0.9953795671463013,['mere phone mai facebook download']
no good for meta,1,2025-07-20 08:17:47,Google Play,NEGATIVE,-0.9997771382331848,['no good']
"these past 2 weeks, my phone crashed whenever I was scrolling through Facebook.",1,2025-07-20 08:17:00,Google Play,NEGATIVE,-0.9994152784347534,"['my phone', 'facebook']"
ok,5,2025-07-20 08:16:42,Google Play,POSITIVE,0.9997851252555847,[]
Ÿàÿ≠ÿ¥,5,2025-07-20 08:16:11,Google Play,NEGATIVE,-0.5915842652320862,['Ÿàÿ≠ÿ¥']
very good aap,5,2025-07-20 08:15:54,Google Play,POSITIVE,0.9998631477355957,['very good aap']
"Facebook suspended my account without any warning or explanation. I‚Äôve followed the rules, yet there‚Äôs no clarity on why it happened. The appeal process is frustrating, and customer support is non-existent. It's unacceptable for such a major platform to treat users this way. Until Facebook improves transparency and support, I‚Äôm seriously considering leaving the platform.",1,2025-07-20 08:14:37,Google Play,NEGATIVE,-0.9997463822364807,"['facebook', 'my account', 'any warning', 'explanation', 'the rules', 'no clarity', 'the appeal process', 'customer support', 'such a major platform', 'users', 'facebook', 'transparency', 'support', 'the platform']"
‡¶≠‡¶æ‡¶≤,3,2025-07-20 08:14:12,Google Play,POSITIVE,0.8476265072822571,['‡¶≠‡¶æ‡¶≤']
ok,5,2025-07-20 08:13:56,Google Play,POSITIVE,0.9997851252555847,[]
"It had been good but recently, there are so many ads, I don't mind normal ads. but these are all about 18+ webs and their page. if I block one, then many pop up again. I'm so tired of this. Cannot even enjoy my time to check up upon news. üëéüëéüëéüëéüëéüëéüëéüëéüëéüëéüëéüëé",1,2025-07-20 08:13:28,Google Play,NEGATIVE,-0.999519944190979,"['so many ads', 'normal ads', 'about 18+ webs', 'their page', 'my time', 'news', 'üëéüëéüëéüëéüëéüëéüëéüëéüëéüëéüëéüëé']"
wandar ful,5,2025-07-20 08:13:18,Google Play,NEGATIVE,-0.9841045141220093,['wandar ful']
nice,5,2025-07-20 08:12:48,Google Play,POSITIVE,0.9998552799224854,[]
"Every new update, it getting worst! the new search format is getting terrible. this is your downfall.",1,2025-07-20 08:11:32,Google Play,NEGATIVE,-0.9998201727867126,"['the new search format', 'your downfall']"
nice,5,2025-07-20 08:10:53,Google Play,POSITIVE,0.9998552799224854,[]
Good to facebook,3,2025-07-20 08:10:23,Google Play,POSITIVE,0.9998476505279541,[]
"I absolutely hate the new changes on searching posts, it's all reels now",1,2025-07-20 08:10:03,Google Play,NEGATIVE,-0.9983242154121399,"['the new changes', 'posts', 'all reels']"
I hope I inspired them,5,2025-07-20 08:07:06,Google Play,POSITIVE,0.9997617602348328,[]
I like it and use it everyday but it has way too many ads!!!!,3,2025-07-20 08:07:05,Google Play,NEGATIVE,-0.999392032623291,['too many ads']
excellent apps,3,2025-07-20 08:06:35,Google Play,POSITIVE,0.9998579025268555,['excellent apps']
·ÄÄ·Ä±·Ä¨·ÄÑ·Ä∫·Ä∏·Äï·Ä´·Ä∑·Äê·Ä¨·Ä∫,5,2025-07-20 08:05:39,Google Play,NEGATIVE,-0.6970566511154175,[]
I can't open my acc it always says session expired or unable to log in,5,2025-07-20 08:05:27,Google Play,NEGATIVE,-0.9993988275527954,"['my acc', 'session']"
Facebook sucks do not get it,1,2025-07-20 08:05:16,Google Play,NEGATIVE,-0.9992398023605347,['facebook sucks']
I love Facebook and will never stop loving it.,5,2025-07-20 08:04:46,Google Play,POSITIVE,0.9997929930686951,['facebook']
good,4,2025-07-20 07:58:23,Google Play,POSITIVE,0.9998161196708679,[]
amazing,5,2025-07-20 07:55:40,Google Play,POSITIVE,0.999875545501709,[]
yes maganda yan din po gamit namin,5,2025-07-20 07:55:38,Google Play,POSITIVE,0.9835260510444641,['po gamit namin']
very nice,5,2025-07-20 07:54:55,Google Play,POSITIVE,0.9998563528060913,[]
good,3,2025-07-20 07:54:20,Google Play,POSITIVE,0.9998161196708679,[]
Good,5,2025-07-20 07:53:23,Google Play,POSITIVE,0.9998161196708679,[]
excellent good its making and being with us as friend......,5,2025-07-20 07:53:00,Google Play,POSITIVE,0.9998643398284912,"['its making', 'friend']"
best app,5,2025-07-20 07:52:41,Google Play,POSITIVE,0.999686598777771,['best app']
"Why was my Facebook disabled, and my Facebook application isn't functioning? What's going on?",1,2025-07-20 07:52:19,Google Play,NEGATIVE,-0.999600350856781,"['my facebook', 'my facebook application']"
nice üëç,5,2025-07-20 07:51:55,Google Play,POSITIVE,0.9998424053192139,[]
good app,5,2025-07-20 07:50:34,Google Play,POSITIVE,0.9998493194580078,['good app']
üíîüíîüíî,5,2025-07-20 07:50:18,Google Play,NEGATIVE,-0.6970566511154175,['üíîüíîüíî']
I love Facebook,5,2025-07-20 07:49:08,Google Play,POSITIVE,0.9996029734611511,['facebook']
meta is the best social media platform,5,2025-07-20 07:47:30,Google Play,POSITIVE,0.9998020529747009,['the best social media platform']
Babul kumar ‚ô•Ô∏è,5,2025-07-20 07:46:55,Google Play,NEGATIVE,-0.9580469131469727,['babul kumar']
nice,5,2025-07-20 07:45:24,Google Play,POSITIVE,0.9998552799224854,[]
‡¶´‡ßá‡¶∏‡¶¨‡ßÅ‡¶ï ‡¶Ü‡¶™‡¶°‡ßá‡¶ü ‡¶®‡ßã‡¶ü‡¶ø‡¶´‡¶ø‡¶ï‡ßá‡¶∂‡¶® ‡¶≠‡ßá‡¶∞‡¶ø ‡¶®‡¶æ‡¶á‡¶∏,5,2025-07-20 07:45:11,Google Play,NEGATIVE,-0.6736561059951782,['‡¶´‡ßá‡¶∏‡¶¨‡ßÅ‡¶ï ‡¶Ü‡¶™‡¶°‡ßá‡¶ü ‡¶®‡ßã‡¶ü‡¶ø‡¶´‡¶ø‡¶ï‡ßá‡¶∂‡¶® ‡¶≠‡ßá‡¶∞‡¶ø ‡¶®‡¶æ‡¶á‡¶∏']
best,5,2025-07-20 07:44:45,Google Play,POSITIVE,0.9997941851615906,[]
Priceless moments,5,2025-07-20 07:44:30,Google Play,POSITIVE,0.9997294545173645,['priceless moments']
great video!,5,2025-07-20 07:40:51,Google Play,POSITIVE,0.9998689889907837,['great video']
ok po üôÇ,5,2025-07-20 07:40:00,Google Play,POSITIVE,0.9814828038215637,['ok po üôÇ']
So far so good ..Hopefully keep it up going guys!!!,4,2025-07-20 07:39:47,Google Play,POSITIVE,0.999859094619751,['going guys']
family,5,2025-07-20 07:38:16,Google Play,POSITIVE,0.999326229095459,['family']
Good institution! Renounced academicians! well managed!,5,2025-07-20 07:37:46,Google Play,POSITIVE,0.9998161196708679,"['good institution', 'academicians']"
very very good service,5,2025-07-20 07:37:02,Google Play,POSITIVE,0.9998699426651001,['very very good service']
